version,file,md5
v1,census_2011_demographics.rds,54b8856d3c737f757494d830107b29e6
v1,census_2011_marginal_detail.rds,a602067208ee6d763b4f0cb734f3e871
v1,census_2011_mother_tongue.rds,71c3f3aef42f931c85cb92d22827e969
v1,census_2011_subdistrict_languages.rds,e6f60e525f7ec0b49d12da73e23bf560
v1,census_2011_workers.rds,325743c5293acaa8b5559a103115f7b5
v1,india-census-1941-districts.geojson.gz,82a912da3b0c2377b0c970c7d816a170
v1,india-census-1941-states.geojson.gz,548f49fcb6776057f602fee381ed8fb1
v1,india-census-1951-districts.geojson.gz,dbcf83ce3e27aa255e546478a1259a59
v1,india-census-1951-states.geojson.gz,f91f4fd6d847a7692ff0d4d858aba8f3
v1,india-census-1961-districts.geojson.gz,0809b290f3db3b73b34b4818cbed8139
v1,india-census-1961-states.geojson.gz,d0b0d3aba7f97eec4cb5f4ef73185e44
v1,india-census-1971-districts.geojson.gz,348bc71d37d3a76700f96deca75a735f
v1,india-census-1971-states.geojson.gz,10050c945d52ff2ad674127a11803024
v1,india-census-1981-districts.geojson.gz,36c257b09cdbfbf49ff507361d028ef8
v1,india-census-1981-states.geojson.gz,fc36490d43b2ac7ff09b7182ffce1963
v1,india-census-1991-districts.geojson.gz,118ef3b43e06d6b79148cbd5ad847752
v1,india-census-1991-states.geojson.gz,f8d8c2bed4adab5075d6bb3920d76a96
v1,india-census-2001-districts.geojson.gz,6ce743052277d473eb436fb3dd493ff7
v1,india-census-2001-states.geojson.gz,7f9186aa94dd52b98e87e6dd3f4a8b11
v1,india-census-2011-districts.geojson.gz,6cb9ffadcb8b8d9ce8b851dbe8722646
v1,india-census-2011-states.geojson.gz,097f38d616b281225260fe8e9f6d062d
v1,population_projections_district_age.rds,5915fa4c64597ac1f1556b0609deef38
v1,population_projections_district_lgd_age.rds,3d01a5fc275f9d2f33a731d721a57227
